season,round,raceName,circuitId,lat,long,country,date,url
2010,1,Bahrain Grand Prix,bahrain,26.0325,50.5106,Bahrain,14/03/2010,http://en.wikipedia.org/wiki/2010_Bahrain_Grand_Prix
2010,2,Australian Grand Prix,albert_park,-37.8497,144.968,Australia,28/03/2010,http://en.wikipedia.org/wiki/2010_Australian_Grand_Prix
2010,3,Malaysian Grand Prix,sepang,2.76083,101.738,Malaysia,04/04/2010,http://en.wikipedia.org/wiki/2010_Malaysian_Grand_Prix
2010,4,Chinese Grand Prix,shanghai,31.3389,121.22,China,18/04/2010,http://en.wikipedia.org/wiki/2010_Chinese_Grand_Prix
2010,5,Spanish Grand Prix,catalunya,41.57,2.26111,Spain,09/05/2010,http://en.wikipedia.org/wiki/2010_Spanish_Grand_Prix
2010,6,Monaco Grand Prix,monaco,43.7347,7.42056,Monaco,16/05/2010,http://en.wikipedia.org/wiki/2010_Monaco_Grand_Prix
2010,7,Turkish Grand Prix,istanbul,40.9517,29.405,Turkey,30/05/2010,http://en.wikipedia.org/wiki/2010_Turkish_Grand_Prix
2010,8,Canadian Grand Prix,villeneuve,45.5,-73.5228,Canada,13/06/2010,http://en.wikipedia.org/wiki/2010_Canadian_Grand_Prix
2010,9,European Grand Prix,valencia,39.4589,-0.331667,Spain,27/06/2010,http://en.wikipedia.org/wiki/2010_European_Grand_Prix
2010,10,British Grand Prix,silverstone,52.0786,-1.01694,UK,11/07/2010,http://en.wikipedia.org/wiki/2010_British_Grand_Prix
2010,11,German Grand Prix,hockenheimring,49.3278,8.56583,Germany,25/07/2010,http://en.wikipedia.org/wiki/2010_German_Grand_Prix
2010,12,Hungarian Grand Prix,hungaroring,47.5789,19.2486,Hungary,01/08/2010,http://en.wikipedia.org/wiki/2010_Hungarian_Grand_Prix
2010,13,Belgian Grand Prix,spa,50.4372,5.97139,Belgium,29/08/2010,http://en.wikipedia.org/wiki/2010_Belgian_Grand_Prix
2010,14,Italian Grand Prix,monza,45.6156,9.28111,Italy,12/09/2010,http://en.wikipedia.org/wiki/2010_Italian_Grand_Prix
2010,15,Singapore Grand Prix,marina_bay,1.2914,103.864,Singapore,26/09/2010,http://en.wikipedia.org/wiki/2010_Singapore_Grand_Prix
2010,16,Japanese Grand Prix,suzuka,34.8431,136.541,Japan,10/10/2010,http://en.wikipedia.org/wiki/2010_Japanese_Grand_Prix
2010,17,Korean Grand Prix,yeongam,34.7333,126.417,Korea,24/10/2010,http://en.wikipedia.org/wiki/2010_Korean_Grand_Prix
2010,18,Brazilian Grand Prix,interlagos,-23.7036,-46.6997,Brazil,07/11/2010,http://en.wikipedia.org/wiki/2010_Brazilian_Grand_Prix
2010,19,Abu Dhabi Grand Prix,yas_marina,24.4672,54.6031,UAE,14/11/2010,http://en.wikipedia.org/wiki/2010_Abu_Dhabi_Grand_Prix
2011,1,Australian Grand Prix,albert_park,-37.8497,144.968,Australia,27/03/2011,http://en.wikipedia.org/wiki/2011_Australian_Grand_Prix
2011,2,Malaysian Grand Prix,sepang,2.76083,101.738,Malaysia,10/04/2011,http://en.wikipedia.org/wiki/2011_Malaysian_Grand_Prix
2011,3,Chinese Grand Prix,shanghai,31.3389,121.22,China,17/04/2011,http://en.wikipedia.org/wiki/2011_Chinese_Grand_Prix
2011,4,Turkish Grand Prix,istanbul,40.9517,29.405,Turkey,08/05/2011,http://en.wikipedia.org/wiki/2011_Turkish_Grand_Prix
2011,5,Spanish Grand Prix,catalunya,41.57,2.26111,Spain,22/05/2011,http://en.wikipedia.org/wiki/2011_Spanish_Grand_Prix
2011,6,Monaco Grand Prix,monaco,43.7347,7.42056,Monaco,29/05/2011,http://en.wikipedia.org/wiki/2011_Monaco_Grand_Prix
2011,7,Canadian Grand Prix,villeneuve,45.5,-73.5228,Canada,12/06/2011,http://en.wikipedia.org/wiki/2011_Canadian_Grand_Prix
2011,8,European Grand Prix,valencia,39.4589,-0.331667,Spain,26/06/2011,http://en.wikipedia.org/wiki/2011_European_Grand_Prix
2011,9,British Grand Prix,silverstone,52.0786,-1.01694,UK,10/07/2011,http://en.wikipedia.org/wiki/2011_British_Grand_Prix
2011,10,German Grand Prix,nurburgring,50.3356,6.9475,Germany,24/07/2011,http://en.wikipedia.org/wiki/2011_German_Grand_Prix
2011,11,Hungarian Grand Prix,hungaroring,47.5789,19.2486,Hungary,31/07/2011,http://en.wikipedia.org/wiki/2011_Hungarian_Grand_Prix
2011,12,Belgian Grand Prix,spa,50.4372,5.97139,Belgium,28/08/2011,http://en.wikipedia.org/wiki/2011_Belgian_Grand_Prix
2011,13,Italian Grand Prix,monza,45.6156,9.28111,Italy,11/09/2011,http://en.wikipedia.org/wiki/2011_Italian_Grand_Prix
2011,14,Singapore Grand Prix,marina_bay,1.2914,103.864,Singapore,25/09/2011,http://en.wikipedia.org/wiki/2011_Singapore_Grand_Prix
2011,15,Japanese Grand Prix,suzuka,34.8431,136.541,Japan,09/10/2011,http://en.wikipedia.org/wiki/2011_Japanese_Grand_Prix
2011,16,Korean Grand Prix,yeongam,34.7333,126.417,Korea,16/10/2011,http://en.wikipedia.org/wiki/2011_Korean_Grand_Prix
2011,17,Indian Grand Prix,buddh,28.3487,77.5331,India,30/10/2011,http://en.wikipedia.org/wiki/2011_Indian_Grand_Prix
2011,18,Abu Dhabi Grand Prix,yas_marina,24.4672,54.6031,UAE,13/11/2011,http://en.wikipedia.org/wiki/2011_Abu_Dhabi_Grand_Prix
2011,19,Brazilian Grand Prix,interlagos,-23.7036,-46.6997,Brazil,27/11/2011,http://en.wikipedia.org/wiki/2011_Brazilian_Grand_Prix
2012,1,Australian Grand Prix,albert_park,-37.8497,144.968,Australia,18/03/2012,http://en.wikipedia.org/wiki/2012_Australian_Grand_Prix
2012,2,Malaysian Grand Prix,sepang,2.76083,101.738,Malaysia,25/03/2012,http://en.wikipedia.org/wiki/2012_Malaysian_Grand_Prix
2012,3,Chinese Grand Prix,shanghai,31.3389,121.22,China,15/04/2012,http://en.wikipedia.org/wiki/2012_Chinese_Grand_Prix
2012,4,Bahrain Grand Prix,bahrain,26.0325,50.5106,Bahrain,22/04/2012,http://en.wikipedia.org/wiki/2012_Bahrain_Grand_Prix
2012,5,Spanish Grand Prix,catalunya,41.57,2.26111,Spain,13/05/2012,http://en.wikipedia.org/wiki/2012_Spanish_Grand_Prix
2012,6,Monaco Grand Prix,monaco,43.7347,7.42056,Monaco,27/05/2012,http://en.wikipedia.org/wiki/2012_Monaco_Grand_Prix
2012,7,Canadian Grand Prix,villeneuve,45.5,-73.5228,Canada,10/06/2012,http://en.wikipedia.org/wiki/2012_Canadian_Grand_Prix
2012,8,European Grand Prix,valencia,39.4589,-0.331667,Spain,24/06/2012,http://en.wikipedia.org/wiki/2012_European_Grand_Prix
2012,9,British Grand Prix,silverstone,52.0786,-1.01694,UK,08/07/2012,http://en.wikipedia.org/wiki/2012_British_Grand_Prix
2012,10,German Grand Prix,hockenheimring,49.3278,8.56583,Germany,22/07/2012,http://en.wikipedia.org/wiki/2012_German_Grand_Prix
2012,11,Hungarian Grand Prix,hungaroring,47.5789,19.2486,Hungary,29/07/2012,http://en.wikipedia.org/wiki/2012_Hungarian_Grand_Prix
2012,12,Belgian Grand Prix,spa,50.4372,5.97139,Belgium,02/09/2012,http://en.wikipedia.org/wiki/2012_Belgian_Grand_Prix
2012,13,Italian Grand Prix,monza,45.6156,9.28111,Italy,09/09/2012,http://en.wikipedia.org/wiki/2012_Italian_Grand_Prix
2012,14,Singapore Grand Prix,marina_bay,1.2914,103.864,Singapore,23/09/2012,http://en.wikipedia.org/wiki/2012_Singapore_Grand_Prix
2012,15,Japanese Grand Prix,suzuka,34.8431,136.541,Japan,07/10/2012,http://en.wikipedia.org/wiki/2012_Japanese_Grand_Prix
2012,16,Korean Grand Prix,yeongam,34.7333,126.417,Korea,14/10/2012,http://en.wikipedia.org/wiki/2012_Korean_Grand_Prix
2012,17,Indian Grand Prix,buddh,28.3487,77.5331,India,28/10/2012,http://en.wikipedia.org/wiki/2012_Indian_Grand_Prix
2012,18,Abu Dhabi Grand Prix,yas_marina,24.4672,54.6031,UAE,04/11/2012,http://en.wikipedia.org/wiki/2012_Abu_Dhabi_Grand_Prix
2012,19,United States Grand Prix,americas,30.1328,-97.6411,USA,18/11/2012,http://en.wikipedia.org/wiki/2012_United_States_Grand_Prix
2012,20,Brazilian Grand Prix,interlagos,-23.7036,-46.6997,Brazil,25/11/2012,http://en.wikipedia.org/wiki/2012_Brazilian_Grand_Prix
2013,1,Australian Grand Prix,albert_park,-37.8497,144.968,Australia,17/03/2013,http://en.wikipedia.org/wiki/2013_Australian_Grand_Prix
2013,2,Malaysian Grand Prix,sepang,2.76083,101.738,Malaysia,24/03/2013,http://en.wikipedia.org/wiki/2013_Malaysian_Grand_Prix
2013,3,Chinese Grand Prix,shanghai,31.3389,121.22,China,14/04/2013,http://en.wikipedia.org/wiki/2013_Chinese_Grand_Prix
2013,4,Bahrain Grand Prix,bahrain,26.0325,50.5106,Bahrain,21/04/2013,http://en.wikipedia.org/wiki/2013_Bahrain_Grand_Prix
2013,5,Spanish Grand Prix,catalunya,41.57,2.26111,Spain,12/05/2013,http://en.wikipedia.org/wiki/2013_Spanish_Grand_Prix
2013,6,Monaco Grand Prix,monaco,43.7347,7.42056,Monaco,26/05/2013,http://en.wikipedia.org/wiki/2013_Monaco_Grand_Prix
2013,7,Canadian Grand Prix,villeneuve,45.5,-73.5228,Canada,09/06/2013,http://en.wikipedia.org/wiki/2013_Canadian_Grand_Prix
2013,8,British Grand Prix,silverstone,52.0786,-1.01694,UK,30/06/2013,http://en.wikipedia.org/wiki/2013_British_Grand_Prix
2013,9,German Grand Prix,nurburgring,50.3356,6.9475,Germany,07/07/2013,http://en.wikipedia.org/wiki/2013_German_Grand_Prix
2013,10,Hungarian Grand Prix,hungaroring,47.5789,19.2486,Hungary,28/07/2013,http://en.wikipedia.org/wiki/2013_Hungarian_Grand_Prix
2013,11,Belgian Grand Prix,spa,50.4372,5.97139,Belgium,25/08/2013,http://en.wikipedia.org/wiki/2013_Belgian_Grand_Prix
2013,12,Italian Grand Prix,monza,45.6156,9.28111,Italy,08/09/2013,http://en.wikipedia.org/wiki/2013_Italian_Grand_Prix
2013,13,Singapore Grand Prix,marina_bay,1.2914,103.864,Singapore,22/09/2013,http://en.wikipedia.org/wiki/2013_Singapore_Grand_Prix
2013,14,Korean Grand Prix,yeongam,34.7333,126.417,Korea,06/10/2013,http://en.wikipedia.org/wiki/2013_Korean_Grand_Prix
2013,15,Japanese Grand Prix,suzuka,34.8431,136.541,Japan,13/10/2013,http://en.wikipedia.org/wiki/2013_Japanese_Grand_Prix
2013,16,Indian Grand Prix,buddh,28.3487,77.5331,India,27/10/2013,http://en.wikipedia.org/wiki/2013_Indian_Grand_Prix
2013,17,Abu Dhabi Grand Prix,yas_marina,24.4672,54.6031,UAE,03/11/2013,http://en.wikipedia.org/wiki/2013_Abu_Dhabi_Grand_Prix
2013,18,United States Grand Prix,americas,30.1328,-97.6411,USA,17/11/2013,http://en.wikipedia.org/wiki/2013_United_States_Grand_Prix
2013,19,Brazilian Grand Prix,interlagos,-23.7036,-46.6997,Brazil,24/11/2013,http://en.wikipedia.org/wiki/2013_Brazilian_Grand_Prix
2014,1,Australian Grand Prix,albert_park,-37.8497,144.968,Australia,16/03/2014,http://en.wikipedia.org/wiki/2014_Australian_Grand_Prix
2014,2,Malaysian Grand Prix,sepang,2.76083,101.738,Malaysia,30/03/2014,http://en.wikipedia.org/wiki/2014_Malaysian_Grand_Prix
2014,3,Bahrain Grand Prix,bahrain,26.0325,50.5106,Bahrain,06/04/2014,http://en.wikipedia.org/wiki/2014_Bahrain_Grand_Prix
2014,4,Chinese Grand Prix,shanghai,31.3389,121.22,China,20/04/2014,http://en.wikipedia.org/wiki/2014_Chinese_Grand_Prix
2014,5,Spanish Grand Prix,catalunya,41.57,2.26111,Spain,11/05/2014,http://en.wikipedia.org/wiki/2014_Spanish_Grand_Prix
2014,6,Monaco Grand Prix,monaco,43.7347,7.42056,Monaco,25/05/2014,http://en.wikipedia.org/wiki/2014_Monaco_Grand_Prix
2014,7,Canadian Grand Prix,villeneuve,45.5,-73.5228,Canada,08/06/2014,http://en.wikipedia.org/wiki/2014_Canadian_Grand_Prix
2014,8,Austrian Grand Prix,red_bull_ring,47.2197,14.7647,Austria,22/06/2014,http://en.wikipedia.org/wiki/2014_Austrian_Grand_Prix
2014,9,British Grand Prix,silverstone,52.0786,-1.01694,UK,06/07/2014,http://en.wikipedia.org/wiki/2014_British_Grand_Prix
2014,10,German Grand Prix,hockenheimring,49.3278,8.56583,Germany,20/07/2014,http://en.wikipedia.org/wiki/2014_German_Grand_Prix
2014,11,Hungarian Grand Prix,hungaroring,47.5789,19.2486,Hungary,27/07/2014,http://en.wikipedia.org/wiki/2014_Hungarian_Grand_Prix
2014,12,Belgian Grand Prix,spa,50.4372,5.97139,Belgium,24/08/2014,http://en.wikipedia.org/wiki/2014_Belgian_Grand_Prix
2014,13,Italian Grand Prix,monza,45.6156,9.28111,Italy,07/09/2014,http://en.wikipedia.org/wiki/2014_Italian_Grand_Prix
2014,14,Singapore Grand Prix,marina_bay,1.2914,103.864,Singapore,21/09/2014,http://en.wikipedia.org/wiki/2014_Singapore_Grand_Prix
2014,15,Japanese Grand Prix,suzuka,34.8431,136.541,Japan,05/10/2014,http://en.wikipedia.org/wiki/2014_Japanese_Grand_Prix
2014,16,Russian Grand Prix,sochi,43.4057,39.9578,Russia,12/10/2014,http://en.wikipedia.org/wiki/2014_Russian_Grand_Prix
2014,17,United States Grand Prix,americas,30.1328,-97.6411,USA,02/11/2014,http://en.wikipedia.org/wiki/2014_United_States_Grand_Prix
2014,18,Brazilian Grand Prix,interlagos,-23.7036,-46.6997,Brazil,09/11/2014,http://en.wikipedia.org/wiki/2014_Brazilian_Grand_Prix
2014,19,Abu Dhabi Grand Prix,yas_marina,24.4672,54.6031,UAE,23/11/2014,http://en.wikipedia.org/wiki/2014_Abu_Dhabi_Grand_Prix
2015,1,Australian Grand Prix,albert_park,-37.8497,144.968,Australia,15/03/2015,http://en.wikipedia.org/wiki/2015_Australian_Grand_Prix
2015,2,Malaysian Grand Prix,sepang,2.76083,101.738,Malaysia,29/03/2015,http://en.wikipedia.org/wiki/2015_Malaysian_Grand_Prix
2015,3,Chinese Grand Prix,shanghai,31.3389,121.22,China,12/04/2015,http://en.wikipedia.org/wiki/2015_Chinese_Grand_Prix
2015,4,Bahrain Grand Prix,bahrain,26.0325,50.5106,Bahrain,19/04/2015,http://en.wikipedia.org/wiki/2015_Bahrain_Grand_Prix
2015,5,Spanish Grand Prix,catalunya,41.57,2.26111,Spain,10/05/2015,http://en.wikipedia.org/wiki/2015_Spanish_Grand_Prix
2015,6,Monaco Grand Prix,monaco,43.7347,7.42056,Monaco,24/05/2015,http://en.wikipedia.org/wiki/2015_Monaco_Grand_Prix
2015,7,Canadian Grand Prix,villeneuve,45.5,-73.5228,Canada,07/06/2015,http://en.wikipedia.org/wiki/2015_Canadian_Grand_Prix
2015,8,Austrian Grand Prix,red_bull_ring,47.2197,14.7647,Austria,21/06/2015,http://en.wikipedia.org/wiki/2015_Austrian_Grand_Prix
2015,9,British Grand Prix,silverstone,52.0786,-1.01694,UK,05/07/2015,http://en.wikipedia.org/wiki/2015_British_Grand_Prix
2015,10,Hungarian Grand Prix,hungaroring,47.5789,19.2486,Hungary,26/07/2015,http://en.wikipedia.org/wiki/2015_Hungarian_Grand_Prix
2015,11,Belgian Grand Prix,spa,50.4372,5.97139,Belgium,23/08/2015,http://en.wikipedia.org/wiki/2015_Belgian_Grand_Prix
2015,12,Italian Grand Prix,monza,45.6156,9.28111,Italy,06/09/2015,http://en.wikipedia.org/wiki/2015_Italian_Grand_Prix
2015,13,Singapore Grand Prix,marina_bay,1.2914,103.864,Singapore,20/09/2015,http://en.wikipedia.org/wiki/2015_Singapore_Grand_Prix
2015,14,Japanese Grand Prix,suzuka,34.8431,136.541,Japan,27/09/2015,http://en.wikipedia.org/wiki/2015_Japanese_Grand_Prix
2015,15,Russian Grand Prix,sochi,43.4057,39.9578,Russia,11/10/2015,http://en.wikipedia.org/wiki/2015_Russian_Grand_Prix
2015,16,United States Grand Prix,americas,30.1328,-97.6411,USA,25/10/2015,http://en.wikipedia.org/wiki/2015_United_States_Grand_Prix
2015,17,Mexican Grand Prix,rodriguez,19.4042,-99.0907,Mexico,01/11/2015,http://en.wikipedia.org/wiki/2015_Mexican_Grand_Prix
2015,18,Brazilian Grand Prix,interlagos,-23.7036,-46.6997,Brazil,15/11/2015,http://en.wikipedia.org/wiki/2015_Brazilian_Grand_Prix
2015,19,Abu Dhabi Grand Prix,yas_marina,24.4672,54.6031,UAE,29/11/2015,http://en.wikipedia.org/wiki/2015_Abu_Dhabi_Grand_Prix
2016,1,Australian Grand Prix,albert_park,-37.8497,144.968,Australia,20/03/2016,http://en.wikipedia.org/wiki/2016_Australian_Grand_Prix
2016,2,Bahrain Grand Prix,bahrain,26.0325,50.5106,Bahrain,03/04/2016,http://en.wikipedia.org/wiki/2016_Bahrain_Grand_Prix
2016,3,Chinese Grand Prix,shanghai,31.3389,121.22,China,17/04/2016,http://en.wikipedia.org/wiki/2016_Chinese_Grand_Prix
2016,4,Russian Grand Prix,sochi,43.4057,39.9578,Russia,01/05/2016,http://en.wikipedia.org/wiki/2016_Russian_Grand_Prix
2016,5,Spanish Grand Prix,catalunya,41.57,2.26111,Spain,15/05/2016,http://en.wikipedia.org/wiki/2016_Spanish_Grand_Prix
2016,6,Monaco Grand Prix,monaco,43.7347,7.42056,Monaco,29/05/2016,http://en.wikipedia.org/wiki/2016_Monaco_Grand_Prix
2016,7,Canadian Grand Prix,villeneuve,45.5,-73.5228,Canada,12/06/2016,http://en.wikipedia.org/wiki/2016_Canadian_Grand_Prix
2016,8,European Grand Prix,baku,40.3725,49.8533,Azerbaijan,19/06/2016,http://en.wikipedia.org/wiki/2016_European_Grand_Prix
2016,9,Austrian Grand Prix,red_bull_ring,47.2197,14.7647,Austria,03/07/2016,http://en.wikipedia.org/wiki/2016_Austrian_Grand_Prix
2016,10,British Grand Prix,silverstone,52.0786,-1.01694,UK,10/07/2016,http://en.wikipedia.org/wiki/2016_British_Grand_Prix
2016,11,Hungarian Grand Prix,hungaroring,47.5789,19.2486,Hungary,24/07/2016,http://en.wikipedia.org/wiki/2016_Hungarian_Grand_Prix
2016,12,German Grand Prix,hockenheimring,49.3278,8.56583,Germany,31/07/2016,http://en.wikipedia.org/wiki/2016_German_Grand_Prix
2016,13,Belgian Grand Prix,spa,50.4372,5.97139,Belgium,28/08/2016,http://en.wikipedia.org/wiki/2016_Belgian_Grand_Prix
2016,14,Italian Grand Prix,monza,45.6156,9.28111,Italy,04/09/2016,http://en.wikipedia.org/wiki/2016_Italian_Grand_Prix
2016,15,Singapore Grand Prix,marina_bay,1.2914,103.864,Singapore,18/09/2016,http://en.wikipedia.org/wiki/2016_Singapore_Grand_Prix
2016,16,Malaysian Grand Prix,sepang,2.76083,101.738,Malaysia,02/10/2016,http://en.wikipedia.org/wiki/2016_Malaysian_Grand_Prix
2016,17,Japanese Grand Prix,suzuka,34.8431,136.541,Japan,09/10/2016,http://en.wikipedia.org/wiki/2016_Japanese_Grand_Prix
2016,18,United States Grand Prix,americas,30.1328,-97.6411,USA,23/10/2016,http://en.wikipedia.org/wiki/2016_United_States_Grand_Prix
2016,19,Mexican Grand Prix,rodriguez,19.4042,-99.0907,Mexico,30/10/2016,http://en.wikipedia.org/wiki/2016_Mexican_Grand_Prix
2016,20,Brazilian Grand Prix,interlagos,-23.7036,-46.6997,Brazil,13/11/2016,http://en.wikipedia.org/wiki/2016_Brazilian_Grand_Prix
2016,21,Abu Dhabi Grand Prix,yas_marina,24.4672,54.6031,UAE,27/11/2016,http://en.wikipedia.org/wiki/2016_Abu_Dhabi_Grand_Prix
2017,1,Australian Grand Prix,albert_park,-37.8497,144.968,Australia,26/03/2017,http://en.wikipedia.org/wiki/2017_Australian_Grand_Prix
2017,2,Chinese Grand Prix,shanghai,31.3389,121.22,China,09/04/2017,http://en.wikipedia.org/wiki/2017_Chinese_Grand_Prix
2017,3,Bahrain Grand Prix,bahrain,26.0325,50.5106,Bahrain,16/04/2017,http://en.wikipedia.org/wiki/2017_Bahrain_Grand_Prix
2017,4,Russian Grand Prix,sochi,43.4057,39.9578,Russia,30/04/2017,http://en.wikipedia.org/wiki/2017_Russian_Grand_Prix
2017,5,Spanish Grand Prix,catalunya,41.57,2.26111,Spain,14/05/2017,http://en.wikipedia.org/wiki/2017_Spanish_Grand_Prix
2017,6,Monaco Grand Prix,monaco,43.7347,7.42056,Monaco,28/05/2017,http://en.wikipedia.org/wiki/2017_Monaco_Grand_Prix
2017,7,Canadian Grand Prix,villeneuve,45.5,-73.5228,Canada,11/06/2017,http://en.wikipedia.org/wiki/2017_Canadian_Grand_Prix
2017,8,Azerbaijan Grand Prix,baku,40.3725,49.8533,Azerbaijan,25/06/2017,http://en.wikipedia.org/wiki/2017_Azerbaijan_Grand_Prix
2017,9,Austrian Grand Prix,red_bull_ring,47.2197,14.7647,Austria,09/07/2017,http://en.wikipedia.org/wiki/2017_Austrian_Grand_Prix
2017,10,British Grand Prix,silverstone,52.0786,-1.01694,UK,16/07/2017,http://en.wikipedia.org/wiki/2017_British_Grand_Prix
2017,11,Hungarian Grand Prix,hungaroring,47.5789,19.2486,Hungary,30/07/2017,http://en.wikipedia.org/wiki/2017_Hungarian_Grand_Prix
2017,12,Belgian Grand Prix,spa,50.4372,5.97139,Belgium,27/08/2017,http://en.wikipedia.org/wiki/2017_Belgian_Grand_Prix
2017,13,Italian Grand Prix,monza,45.6156,9.28111,Italy,03/09/2017,http://en.wikipedia.org/wiki/2017_Italian_Grand_Prix
2017,14,Singapore Grand Prix,marina_bay,1.2914,103.864,Singapore,17/09/2017,http://en.wikipedia.org/wiki/2017_Singapore_Grand_Prix
2017,15,Malaysian Grand Prix,sepang,2.76083,101.738,Malaysia,01/10/2017,http://en.wikipedia.org/wiki/2017_Malaysian_Grand_Prix
2017,16,Japanese Grand Prix,suzuka,34.8431,136.541,Japan,08/10/2017,http://en.wikipedia.org/wiki/2017_Japanese_Grand_Prix
2017,17,United States Grand Prix,americas,30.1328,-97.6411,USA,22/10/2017,http://en.wikipedia.org/wiki/2017_United_States_Grand_Prix
2017,18,Mexican Grand Prix,rodriguez,19.4042,-99.0907,Mexico,29/10/2017,http://en.wikipedia.org/wiki/2017_Mexican_Grand_Prix
2017,19,Brazilian Grand Prix,interlagos,-23.7036,-46.6997,Brazil,12/11/2017,http://en.wikipedia.org/wiki/2017_Brazilian_Grand_Prix
2017,20,Abu Dhabi Grand Prix,yas_marina,24.4672,54.6031,UAE,26/11/2017,http://en.wikipedia.org/wiki/2017_Abu_Dhabi_Grand_Prix
2018,1,Australian Grand Prix,albert_park,-37.8497,144.968,Australia,25/03/2018,http://en.wikipedia.org/wiki/2018_Australian_Grand_Prix
2018,2,Bahrain Grand Prix,bahrain,26.0325,50.5106,Bahrain,08/04/2018,http://en.wikipedia.org/wiki/2018_Bahrain_Grand_Prix
2018,3,Chinese Grand Prix,shanghai,31.3389,121.22,China,15/04/2018,http://en.wikipedia.org/wiki/2018_Chinese_Grand_Prix
2018,4,Azerbaijan Grand Prix,baku,40.3725,49.8533,Azerbaijan,29/04/2018,http://en.wikipedia.org/wiki/2018_Azerbaijan_Grand_Prix
2018,5,Spanish Grand Prix,catalunya,41.57,2.26111,Spain,13/05/2018,http://en.wikipedia.org/wiki/2018_Spanish_Grand_Prix
2018,6,Monaco Grand Prix,monaco,43.7347,7.42056,Monaco,27/05/2018,http://en.wikipedia.org/wiki/2018_Monaco_Grand_Prix
2018,7,Canadian Grand Prix,villeneuve,45.5,-73.5228,Canada,10/06/2018,http://en.wikipedia.org/wiki/2018_Canadian_Grand_Prix
2018,8,French Grand Prix,ricard,43.2506,5.79167,France,24/06/2018,http://en.wikipedia.org/wiki/2018_French_Grand_Prix
2018,9,Austrian Grand Prix,red_bull_ring,47.2197,14.7647,Austria,01/07/2018,http://en.wikipedia.org/wiki/2018_Austrian_Grand_Prix
2018,10,British Grand Prix,silverstone,52.0786,-1.01694,UK,08/07/2018,http://en.wikipedia.org/wiki/2018_British_Grand_Prix
2018,11,German Grand Prix,hockenheimring,49.3278,8.56583,Germany,22/07/2018,http://en.wikipedia.org/wiki/2018_German_Grand_Prix
2018,12,Hungarian Grand Prix,hungaroring,47.5789,19.2486,Hungary,29/07/2018,http://en.wikipedia.org/wiki/2018_Hungarian_Grand_Prix
2018,13,Belgian Grand Prix,spa,50.4372,5.97139,Belgium,26/08/2018,http://en.wikipedia.org/wiki/2018_Belgian_Grand_Prix
2018,14,Italian Grand Prix,monza,45.6156,9.28111,Italy,02/09/2018,http://en.wikipedia.org/wiki/2018_Italian_Grand_Prix
2018,15,Singapore Grand Prix,marina_bay,1.2914,103.864,Singapore,16/09/2018,http://en.wikipedia.org/wiki/2018_Singapore_Grand_Prix
2018,16,Russian Grand Prix,sochi,43.4057,39.9578,Russia,30/09/2018,http://en.wikipedia.org/wiki/2018_Russian_Grand_Prix
2018,17,Japanese Grand Prix,suzuka,34.8431,136.541,Japan,07/10/2018,http://en.wikipedia.org/wiki/2018_Japanese_Grand_Prix
2018,18,United States Grand Prix,americas,30.1328,-97.6411,USA,21/10/2018,http://en.wikipedia.org/wiki/2018_United_States_Grand_Prix
2018,19,Mexican Grand Prix,rodriguez,19.4042,-99.0907,Mexico,28/10/2018,http://en.wikipedia.org/wiki/2018_Mexican_Grand_Prix
2018,20,Brazilian Grand Prix,interlagos,-23.7036,-46.6997,Brazil,11/11/2018,http://en.wikipedia.org/wiki/2018_Brazilian_Grand_Prix
2018,21,Abu Dhabi Grand Prix,yas_marina,24.4672,54.6031,UAE,25/11/2018,http://en.wikipedia.org/wiki/2018_Abu_Dhabi_Grand_Prix
2019,1,Australian Grand Prix,albert_park,-37.8497,144.968,Australia,17/03/2019,http://en.wikipedia.org/wiki/2019_Australian_Grand_Prix
2019,2,Bahrain Grand Prix,bahrain,26.0325,50.5106,Bahrain,31/03/2019,http://en.wikipedia.org/wiki/2019_Bahrain_Grand_Prix
2019,3,Chinese Grand Prix,shanghai,31.3389,121.22,China,14/04/2019,http://en.wikipedia.org/wiki/2019_Chinese_Grand_Prix
2019,4,Azerbaijan Grand Prix,baku,40.3725,49.8533,Azerbaijan,28/04/2019,http://en.wikipedia.org/wiki/2019_Azerbaijan_Grand_Prix
2019,5,Spanish Grand Prix,catalunya,41.57,2.26111,Spain,12/05/2019,http://en.wikipedia.org/wiki/2019_Spanish_Grand_Prix
2019,6,Monaco Grand Prix,monaco,43.7347,7.42056,Monaco,26/05/2019,http://en.wikipedia.org/wiki/2019_Monaco_Grand_Prix
2019,7,Canadian Grand Prix,villeneuve,45.5,-73.5228,Canada,09/06/2019,http://en.wikipedia.org/wiki/2019_Canadian_Grand_Prix
2019,8,French Grand Prix,ricard,43.2506,5.79167,France,23/06/2019,http://en.wikipedia.org/wiki/2019_French_Grand_Prix
2019,9,Austrian Grand Prix,red_bull_ring,47.2197,14.7647,Austria,30/06/2019,http://en.wikipedia.org/wiki/2019_Austrian_Grand_Prix
2019,10,British Grand Prix,silverstone,52.0786,-1.01694,UK,14/07/2019,http://en.wikipedia.org/wiki/2019_British_Grand_Prix
2019,11,German Grand Prix,hockenheimring,49.3278,8.56583,Germany,28/07/2019,http://en.wikipedia.org/wiki/2019_German_Grand_Prix
2019,12,Hungarian Grand Prix,hungaroring,47.5789,19.2486,Hungary,04/08/2019,http://en.wikipedia.org/wiki/2019_Hungarian_Grand_Prix
2019,13,Belgian Grand Prix,spa,50.4372,5.97139,Belgium,01/09/2019,http://en.wikipedia.org/wiki/2019_Belgian_Grand_Prix
2019,14,Italian Grand Prix,monza,45.6156,9.28111,Italy,08/09/2019,http://en.wikipedia.org/wiki/2019_Italian_Grand_Prix
2019,15,Singapore Grand Prix,marina_bay,1.2914,103.864,Singapore,22/09/2019,http://en.wikipedia.org/wiki/2019_Singapore_Grand_Prix
2019,16,Russian Grand Prix,sochi,43.4057,39.9578,Russia,29/09/2019,http://en.wikipedia.org/wiki/2019_Russian_Grand_Prix
2019,17,Japanese Grand Prix,suzuka,34.8431,136.541,Japan,13/10/2019,http://en.wikipedia.org/wiki/2019_Japanese_Grand_Prix
2019,18,Mexican Grand Prix,rodriguez,19.4042,-99.0907,Mexico,27/10/2019,http://en.wikipedia.org/wiki/2019_Mexican_Grand_Prix
2019,19,United States Grand Prix,americas,30.1328,-97.6411,USA,03/11/2019,http://en.wikipedia.org/wiki/2019_United_States_Grand_Prix
2019,20,Brazilian Grand Prix,interlagos,-23.7036,-46.6997,Brazil,17/11/2019,http://en.wikipedia.org/wiki/2019_Brazilian_Grand_Prix
2019,21,Abu Dhabi Grand Prix,yas_marina,24.4672,54.6031,UAE,01/12/2019,http://en.wikipedia.org/wiki/2019_Abu_Dhabi_Grand_Prix
2020,1,Austrian Grand Prix,red_bull_ring,47.2197,14.7647,Austria,05/07/2020,http://en.wikipedia.org/wiki/2020_Austrian_Grand_Prix
2020,2,Styrian Grand Prix,red_bull_ring,47.2197,14.7647,Austria,12/07/2020,http://en.wikipedia.org/wiki/2020_Styrian_Grand_Prix
2020,3,Hungarian Grand Prix,hungaroring,47.5789,19.2486,Hungary,19/07/2020,http://en.wikipedia.org/wiki/2020_Hungarian_Grand_Prix
2020,4,British Grand Prix,silverstone,52.0786,-1.01694,UK,02/08/2020,http://en.wikipedia.org/wiki/2020_British_Grand_Prix
2020,5,70th Anniversary Grand Prix,silverstone,52.0786,-1.01694,UK,09/08/2020,http://en.wikipedia.org/wiki/70th_Anniversary_Grand_Prix
2020,6,Spanish Grand Prix,catalunya,41.57,2.26111,Spain,16/08/2020,http://en.wikipedia.org/wiki/2020_Spanish_Grand_Prix
2020,7,Belgian Grand Prix,spa,50.4372,5.97139,Belgium,30/08/2020,http://en.wikipedia.org/wiki/2020_Belgian_Grand_Prix
2020,8,Italian Grand Prix,monza,45.6156,9.28111,Italy,06/09/2020,http://en.wikipedia.org/wiki/2020_Italian_Grand_Prix
2020,9,Tuscan Grand Prix,mugello,43.9975,11.3719,Italy,13/09/2020,http://en.wikipedia.org/wiki/2020_Tuscan_Grand_Prix
2020,10,Russian Grand Prix,sochi,43.4057,39.9578,Russia,27/09/2020,http://en.wikipedia.org/wiki/2020_Russian_Grand_Prix
2020,11,Eifel Grand Prix,nurburgring,50.3356,6.9475,Germany,11/10/2020,http://en.wikipedia.org/wiki/2020_Eifel_Grand_Prix
2020,12,Portuguese Grand Prix,portimao,37.227,-8.6267,Portugal,25/10/2020,http://en.wikipedia.org/wiki/2020_Portuguese_Grand_Prix
2020,13,Emilia Romagna Grand Prix,imola,44.3439,11.7167,Italy,01/11/2020,http://en.wikipedia.org/wiki/2020_Emilia_Romagna_Grand_Prix
2020,14,Turkish Grand Prix,istanbul,40.9517,29.405,Turkey,15/11/2020,http://en.wikipedia.org/wiki/2020_Turkish_Grand_Prix
2020,15,Bahrain Grand Prix,bahrain,26.0325,50.5106,Bahrain,29/11/2020,http://en.wikipedia.org/wiki/2020_Bahrain_Grand_Prix
2020,16,Sakhir Grand Prix,bahrain,26.0325,50.5106,Bahrain,06/12/2020,http://en.wikipedia.org/wiki/2020_Sakhir_Grand_Prix
2020,17,Abu Dhabi Grand Prix,yas_marina,24.4672,54.6031,UAE,13/12/2020,http://en.wikipedia.org/wiki/2020_Abu_Dhabi_Grand_Prix
2021,1,Bahrain Grand Prix,bahrain,26.0325,50.5106,Bahrain,28/03/2021,http://en.wikipedia.org/wiki/2021_Bahrain_Grand_Prix
2021,2,Emilia Romagna Grand Prix,imola,44.3439,11.7167,Italy,18/04/2021,http://en.wikipedia.org/wiki/2021_Emilia_Romagna_Grand_Prix
2021,3,Portuguese Grand Prix,portimao,37.227,-8.6267,Portugal,02/05/2021,http://en.wikipedia.org/wiki/2021_Portuguese_Grand_Prix
2021,4,Spanish Grand Prix,catalunya,41.57,2.26111,Spain,09/05/2021,http://en.wikipedia.org/wiki/2021_Spanish_Grand_Prix
2021,5,Monaco Grand Prix,monaco,43.7347,7.42056,Monaco,23/05/2021,http://en.wikipedia.org/wiki/2021_Monaco_Grand_Prix
2021,6,Azerbaijan Grand Prix,baku,40.3725,49.8533,Azerbaijan,06/06/2021,http://en.wikipedia.org/wiki/2021_Azerbaijan_Grand_Prix
2021,7,French Grand Prix,ricard,43.2506,5.79167,France,20/06/2021,http://en.wikipedia.org/wiki/2021_French_Grand_Prix
2021,8,Styrian Grand Prix,red_bull_ring,47.2197,14.7647,Austria,27/06/2021,http://en.wikipedia.org/wiki/2021_Styrian_Grand_Prix
2021,9,Austrian Grand Prix,red_bull_ring,47.2197,14.7647,Austria,04/07/2021,http://en.wikipedia.org/wiki/2021_Austrian_Grand_Prix
2021,10,British Grand Prix,silverstone,52.0786,-1.01694,UK,18/07/2021,http://en.wikipedia.org/wiki/2021_British_Grand_Prix
2021,11,Hungarian Grand Prix,hungaroring,47.5789,19.2486,Hungary,01/08/2021,http://en.wikipedia.org/wiki/2021_Hungarian_Grand_Prix
2021,12,Belgian Grand Prix,spa,50.4372,5.97139,Belgium,29/08/2021,http://en.wikipedia.org/wiki/2021_Belgian_Grand_Prix
2021,13,Dutch Grand Prix,zandvoort,52.3888,4.54092,Netherlands,05/09/2021,http://en.wikipedia.org/wiki/2021_Dutch_Grand_Prix
2021,14,Italian Grand Prix,monza,45.6156,9.28111,Italy,12/09/2021,http://en.wikipedia.org/wiki/2021_Italian_Grand_Prix
2021,15,Russian Grand Prix,sochi,43.4057,39.9578,Russia,26/09/2021,http://en.wikipedia.org/wiki/2021_Russian_Grand_Prix
2021,16,Turkish Grand Prix,istanbul,40.9517,29.405,Turkey,10/10/2021,http://en.wikipedia.org/wiki/2021_Turkish_Grand_Prix
2021,17,United States Grand Prix,americas,30.1328,-97.6411,USA,24/10/2021,http://en.wikipedia.org/wiki/2021_United_States_Grand_Prix
2021,18,Mexico City Grand Prix,rodriguez,19.4042,-99.0907,Mexico,07/11/2021,http://en.wikipedia.org/wiki/2021_Mexican_Grand_Prix
2021,19,SÃ£o Paulo Grand Prix,interlagos,-23.7036,-46.6997,Brazil,14/11/2021,http://en.wikipedia.org/wiki/2021_S%C3%A3o_Paulo_Grand_Prix
2021,20,Qatar Grand Prix,losail,25.49,51.4542,Qatar,21/11/2021,http://en.wikipedia.org/wiki/2021_Qatar_Grand_Prix
2021,21,Saudi Arabian Grand Prix,jeddah,21.6319,39.1044,Saudi Arabia,05/12/2021,http://en.wikipedia.org/wiki/2021_Saudi_Arabian_Grand_Prix
2021,22,Abu Dhabi Grand Prix,yas_marina,24.4672,54.6031,UAE,12/12/2021,http://en.wikipedia.org/wiki/2021_Abu_Dhabi_Grand_Prix
2022,1,Bahrain Grand Prix,bahrain,26.0325,50.5106,Bahrain,20/03/2022,http://en.wikipedia.org/wiki/2022_Bahrain_Grand_Prix
2022,2,Saudi Arabian Grand Prix,jeddah,21.6319,39.1044,Saudi Arabia,27/03/2022,http://en.wikipedia.org/wiki/2022_Saudi_Arabian_Grand_Prix
2022,3,Australian Grand Prix,albert_park,-37.8497,144.968,Australia,10/04/2022,http://en.wikipedia.org/wiki/2022_Australian_Grand_Prix
2022,4,Emilia Romagna Grand Prix,imola,44.3439,11.7167,Italy,24/04/2022,http://en.wikipedia.org/wiki/2022_Emilia_Romagna_Grand_Prix
2022,5,Miami Grand Prix,miami,25.9581,-80.2389,USA,08/05/2022,http://en.wikipedia.org/wiki/2022_Miami_Grand_Prix
2022,6,Spanish Grand Prix,catalunya,41.57,2.26111,Spain,22/05/2022,http://en.wikipedia.org/wiki/2022_Spanish_Grand_Prix
2022,7,Monaco Grand Prix,monaco,43.7347,7.42056,Monaco,29/05/2022,http://en.wikipedia.org/wiki/2022_Monaco_Grand_Prix
2022,8,Azerbaijan Grand Prix,baku,40.3725,49.8533,Azerbaijan,12/06/2022,http://en.wikipedia.org/wiki/2022_Azerbaijan_Grand_Prix
2022,9,Canadian Grand Prix,villeneuve,45.5,-73.5228,Canada,19/06/2022,http://en.wikipedia.org/wiki/2022_Canadian_Grand_Prix
2022,10,British Grand Prix,silverstone,52.0786,-1.01694,UK,03/07/2022,http://en.wikipedia.org/wiki/2022_British_Grand_Prix
2022,11,Austrian Grand Prix,red_bull_ring,47.2197,14.7647,Austria,10/07/2022,http://en.wikipedia.org/wiki/2022_Austrian_Grand_Prix
2022,12,French Grand Prix,ricard,43.2506,5.79167,France,24/07/2022,http://en.wikipedia.org/wiki/2022_French_Grand_Prix
2022,13,Hungarian Grand Prix,hungaroring,47.5789,19.2486,Hungary,31/07/2022,http://en.wikipedia.org/wiki/2022_Hungarian_Grand_Prix
2022,14,Belgian Grand Prix,spa,50.4372,5.97139,Belgium,28/08/2022,http://en.wikipedia.org/wiki/2022_Belgian_Grand_Prix
2022,15,Dutch Grand Prix,zandvoort,52.3888,4.54092,Netherlands,04/09/2022,http://en.wikipedia.org/wiki/2022_Dutch_Grand_Prix
2022,16,Italian Grand Prix,monza,45.6156,9.28111,Italy,11/09/2022,http://en.wikipedia.org/wiki/2022_Italian_Grand_Prix
2022,17,Singapore Grand Prix,marina_bay,1.2914,103.864,Singapore,02/10/2022,http://en.wikipedia.org/wiki/2022_Singapore_Grand_Prix
2022,18,Japanese Grand Prix,suzuka,34.8431,136.541,Japan,09/10/2022,http://en.wikipedia.org/wiki/2022_Japanese_Grand_Prix
2022,19,United States Grand Prix,americas,30.1328,-97.6411,USA,23/10/2022,http://en.wikipedia.org/wiki/2022_United_States_Grand_Prix
2022,20,Mexico City Grand Prix,rodriguez,19.4042,-99.0907,Mexico,30/10/2022,http://en.wikipedia.org/wiki/2022_Mexican_Grand_Prix
2022,21,Brazilian Grand Prix,interlagos,-23.7036,-46.6997,Brazil,13/11/2022,http://en.wikipedia.org/wiki/2022_Brazilian_Grand_Prix
2022,22,Abu Dhabi Grand Prix,yas_marina,24.4672,54.6031,UAE,20/11/2022,http://en.wikipedia.org/wiki/2022_Abu_Dhabi_Grand_Prix
